date,year,month,week,tv_grps,digital_video_impressions,paid_search_clicks,radio_spend,ooh_impressions,print_newspaper_circulation,weekly_sales_units
2020-01-05,2020,1,1,119.13498214927931,101023.04885368336,38297.31201719235,137.24065281484033,62378.77085842999,212374.55911316877,4002.841877178219
2020-01-12,2020,1,2,150.4184838674114,140991.03990376668,26228.883367692128,373.3135595400685,23620.429832749036,162511.98018692882,5330.027212581549
2020-01-19,2020,1,3,152.8529686842491,74967.78801270484,18436.026009991176,371.5600165688984,37099.924445341465,222073.9810525177,7295.743374730196
2020-01-26,2020,1,4,110.81197858232494,54311.58695307283,29213.830286447475,493.7719197030023,48318.193853403405,239593.4094686204,8994.220502409235
2020-02-02,2020,2,5,136.01870897330247,133699.62772307257,17978.417233659908,246.01532817535855,43747.71985784619,163702.8022294544,9338.41255699117
2020-02-09,2020,2,6,138.029632631451,303466.8332503604,36551.13762676404,702.9587723104952,43466.158797716074,254384.03675717066,10913.688169922292
2020-02-16,2020,2,7,117.20269430092193,202565.4808091549,37062.07185812233,311.5093249262777,51276.51749061603,236055.77320869712,11642.05760241762
2020-02-23,2020,2,8,121.78427065043367,110797.65721447229,25882.49549121717,276.01701234843387,47561.13532252461,196112.03856141286,12020.531753985422
2020-03-01,2020,3,9,140.22430100637553,389624.9088105935,12796.367726373255,451.4633347522262,53422.444957566564,186388.65807149108,12415.435565142223
2020-03-08,2020,3,10,107.77220127891978,74808.88965889577,32968.37043682496,551.5600476020254,55074.158301284326,183557.27416680503,12298.178594828636
2020-03-15,2020,3,11,107.8968310241108,94408.61548095556,30075.095162882182,454.94059192737535,36046.19330966276,170633.18250896476,12316.588737072274
2020-03-22,2020,3,12,81.79908983002298,284778.59030726366,20171.702557879602,478.4611089682187,43231.213424931244,233916.682690914,12658.435974145676
2020-03-29,2020,3,13,113.77820649804106,297449.7200630192,25909.52347565791,340.94485116881486,61707.94373286864,164466.19195726057,12568.690387210714
2020-04-05,2020,4,14,145.370703343442,97261.90519642722,52071.0700865376,512.9789387630228,50802.49275395106,179293.02838824876,12616.253732064613
2020-04-12,2020,4,15,164.78100362232337,146690.62685101424,19776.81403473037,18.287928293591587,58410.724556749796,152721.91093043023,12613.170347289686
2020-04-19,2020,4,16,144.46359045190275,205776.23818257463,13926.702939818451,612.078866108412,50239.81901147362,222735.88936841954,12886.911957400522
2020-04-26,2020,4,17,130.2398651747362,253643.71740117634,10588.49025227173,351.43221139349663,43053.78469217834,171640.30384734838,12597.518062268815
2020-05-03,2020,5,18,151.6445235369319,174770.4340797166,54460.276550457726,598.7585390231477,56071.7817866827,211230.92495540742,13064.189585869937
2020-05-10,2020,5,19,140.99955897942738,158032.09921897433,30602.1450706951,370.628003908875,54386.2386117965,268358.46277267707,13710.862932471551
2020-05-17,2020,5,20,186.93338222253254,130924.32988830871,23471.81815562238,666.2917604292397,44339.73612147815,183279.76407049477,13545.294190799314
2020-05-24,2020,5,21,55.47502480307341,321957.6908596124,34226.29035451785,323.8825709048423,43026.402635372855,304769.6670475352,14534.440937637628
2020-05-31,2020,5,22,116.95468836146244,148455.4078744198,49942.47804595618,944.3727819427904,41829.03453315804,169875.9079328919,13911.661955774629
2020-06-07,2020,6,23,137.34784195785534,272118.0664756052,40070.64427068319,478.3767202932571,72130.81425018956,209829.1607297529,14191.001014120518
2020-06-14,2020,6,24,136.5534721242509,139939.26733785323,19005.252161610726,796.5073333835919,54760.96954432428,169749.87215699448,14045.98714032327
2020-06-21,2020,6,25,94.51627293094157,308713.6477289693,11396.21805742211,84.44467374007296,59523.80787616832,156744.5976671862,13409.467204668754
2020-06-28,2020,6,26,153.92456032027985,230775.5190575086,39438.11293535157,89.25071720853649,61130.514308249854,181738.9732071877,13316.935736695226
2020-07-05,2020,7,27,86.70797423673672,216396.88002292518,60127.9925322466,311.04030522488796,50558.10592152957,193928.46937896157,13413.444942818505
2020-07-12,2020,7,28,125.68886497978602,262885.8134036877,44159.50701275019,313.23516513320385,52739.627909935196,208112.9113288858,13564.088108863212
2020-07-19,2020,7,29,99.84119910879048,115372.93432517261,14424.731816561325,370.0506757153864,69782.77881228268,153602.30630256768,13210.418358309114
2020-07-26,2020,7,30,164.95585981667773,107440.26276244753,61899.1531111368,280.3697329904586,64499.83883584254,251617.90476118412,13999.916544287667
2020-08-02,2020,8,31,70.39259304915305,234028.32269860271,49388.324765538615,177.48484242120205,45274.45941217266,275150.6513351385,14632.648084139311
2020-08-09,2020,8,32,108.78269878625485,83184.81742371552,13479.78739214655,731.9615708254003,54669.94755956092,198609.8599917591,14453.64308104189
2020-08-16,2020,8,33,92.53664465590894,213368.8588841378,16221.357297075216,242.98364827308686,47547.07989364586,255751.63653020142,14636.846910132852
2020-08-23,2020,8,34,146.83055267657434,70694.33084279676,26177.091495074557,130.60377965002414,38251.64451708882,271260.4429703121,15058.774592817928
2020-08-30,2020,8,35,175.18992071659116,234998.50511338495,12896.849793894015,362.83348857266617,57184.191149760896,222706.82232394535,15036.489192485926
2020-09-06,2020,9,36,157.25545157794653,383137.7510544759,34523.53447073104,174.49536728259892,29747.61672469473,205021.9366527964,14438.517897847845
2020-09-13,2020,9,37,120.76855667527948,133565.29287234676,61280.29203302385,380.0877445689465,43303.29486357363,165477.78594565936,13858.384526927792
2020-09-20,2020,9,38,145.8831213475149,124345.93334081575,12139.620031234965,306.57926684568,51264.34920798204,201368.70481493653,13781.332725622875
2020-09-27,2020,9,39,98.4103700486346,104536.14069325755,22474.018942563114,697.5937917258883,58628.54074442564,198979.49558050238,13888.219838523697
2020-10-04,2020,10,40,150.3734574319274,145750.91257913964,27008.8504940055,204.92308760090756,34271.97108352819,210173.5154687627,13619.956262710732
2020-10-11,2020,10,41,163.78389905314987,173422.23875943813,22602.40954409947,474.29945153399836,58714.40800253743,205158.61050910136,13839.976129511018
2020-10-18,2020,10,42,58.810273350697926,171990.1777482152,31136.428831977348,208.90428328603105,50057.37985899524,164345.11334740432,13370.091442093808
2020-10-25,2020,10,43,126.9343730793562,57550.54087054286,23780.02763014318,652.1205518913916,49184.03054618835,192215.66653745543,13413.572439005264
2020-11-01,2020,11,44,82.97983611215322,339878.4226553763,35049.79462589825,39.85464443956987,43770.982977251806,157253.4531913174,12844.9448806
2020-11-08,2020,11,45,144.90340426946054,194634.67721925493,8983.556706635258,519.0598568289598,44470.23648962545,207137.30224255918,13129.40219215828
2020-11-15,2020,11,46,70.36568453307771,175289.76056195423,33607.691975828675,77.32899141072845,48213.729364216015,247256.7420409253,13771.642988173735
2020-11-22,2020,11,47,104.70311276333277,84688.1242136208,26603.161773364387,791.3781556343948,34404.00145299657,174707.32286135282,13038.231492340174
2020-11-29,2020,11,48,95.49237238714923,184212.32112633105,21585.214041392686,388.4783995433479,56563.38100003708,220808.13917896443,13613.515619918793
2020-12-06,2020,12,49,90.69374170267294,211962.07838673808,30987.75607958841,127.4640028304824,31667.084052427726,206143.1684509881,13390.73132415688
2020-12-13,2020,12,50,118.7497191001761,203278.70044563815,45905.4876201416,808.9967795246594,62446.394057400714,226992.9669070238,13853.12728122567
2020-12-20,2020,12,51,127.81428437780373,105882.24612932664,35127.86202598887,894.451092910978,41379.79849502277,185217.30460229266,13433.5767098136
2020-12-27,2020,12,52,89.32889624731136,227859.75332384708,21674.68876836935,345.062033817225,58329.442716335914,201979.22247009954,13560.368611312126
2021-01-03,2021,1,53,84.08890530584142,110719.82243255069,25979.434605788196,52.71407592280186,29704.494364217022,220631.73792051044,13628.349343981523
2021-01-10,2021,1,1,115.51815757843748,219464.4793014243,21876.539213965534,87.29627992597906,47038.9646458785,193415.5769007855,13292.946226702928
2021-01-17,2021,1,2,121.28769700702665,170266.18927590665,20116.2529045492,267.03595261474874,32639.96724425191,208109.2594487559,13364.166094948332
2021-01-24,2021,1,3,140.20485131555725,113593.21796596654,41304.92738864327,312.79479485914135,40019.40628387525,226017.6012429098,13459.793156543423
2021-01-31,2021,1,4,116.9438862160973,158352.2542071019,8565.676118622056,355.92820264539597,32124.548155545857,200178.28132836823,13062.910097443504
2021-02-07,2021,2,5,84.61460280417161,123295.32729255389,25370.407480421385,197.30182156392272,49468.26863248077,241536.10022297976,13790.99641654589
2021-02-14,2021,2,6,106.85614580288502,151538.74589378678,24995.93468946319,822.3443865590755,52227.61368398704,196817.3567696573,13842.40793497758
2021-02-21,2021,2,7,151.59725443933755,218535.5158341431,50740.60972162648,475.81114838858866,46720.1799640821,172430.75908813518,13318.33852343753
2021-02-28,2021,2,8,94.18730773648517,165015.7277085033,16618.53988969301,382.1533980246775,51332.26922837931,246001.60745247285,13982.986625014386
2021-03-07,2021,3,9,47.866165076413566,210378.57181792648,9640.128353170408,93.28396461770043,50482.35004198524,147707.96151686908,13207.89652225129
2021-03-14,2021,3,10,125.9838163667593,106448.99199659201,29651.677014189907,283.8248395584853,58876.58904254292,143666.69253610144,12975.57345203327
2021-03-21,2021,3,11,101.32535235513731,202931.15599688204,16347.03744633448,669.4248946154948,43530.9870106779,257271.57692084182,13505.869446847617
2021-03-28,2021,3,12,118.65861065180808,189579.028293736,11445.913508945123,691.1489587145129,45054.74079817456,203761.70375879362,13454.395248119896
2021-04-04,2021,4,13,102.37181838369258,175859.3008133177,7994.062648430955,106.2408633034748,46617.08090406893,164106.35380444262,13153.236170411685
2021-04-11,2021,4,14,169.69566173077615,134285.92051811932,39194.4560773845,126.35626441064971,41625.09586818736,193956.4280806807,13065.29391681059
2021-04-18,2021,4,15,111.37445087245777,195983.4381930052,19447.341201837316,286.6074988312597,38343.50116434007,210916.99527710397,12957.514604310481
2021-04-25,2021,4,16,112.3162909117486,139734.7366276436,29945.22921665959,167.85158500568286,56960.27582897628,199314.61219709154,13348.973009940866
2021-05-02,2021,5,17,138.0275635429515,114804.50693558765,11354.421977557613,1287.5367577976353,40654.72757656528,165569.4754906897,12761.695513861318
2021-05-09,2021,5,18,151.82726423296316,92099.43221416857,13155.393661031285,446.2280331501404,64197.37610920756,257312.8554545594,13854.357693842176
2021-05-16,2021,5,19,139.7823772831179,236854.1829245446,28350.941333221443,380.1673248487537,40476.7091554653,304767.0417205915,14648.956414532018
2021-05-23,2021,5,20,137.96966229129796,274595.4350577469,12835.731161900318,151.45390406408944,35606.75054238774,250956.9288142448,14533.177365121894
2021-05-30,2021,5,21,106.0758223664299,158034.90815487312,38189.90450646447,204.8644068559082,27477.956440503578,187091.39561202086,14104.917626207427
2021-06-06,2021,6,22,167.30540024690345,161726.23192485972,44696.387680210755,63.520425897775965,43598.250059096266,182326.67831975807,13711.908976475928
2021-06-13,2021,6,23,85.41323358760931,141807.10869892288,13757.114120684708,815.4536330935455,52523.42437356978,225336.05324880753,14083.29537107541
2021-06-20,2021,6,24,163.098112287201,275113.44629534904,40207.140758043744,696.7815439530904,47014.478553068955,153814.597437832,13330.130885867688
2021-06-27,2021,6,25,86.31261191811205,126679.31312873047,12053.993323044187,187.05279491803742,45588.087163951066,162165.04051585917,13210.579486058547
2021-07-04,2021,7,26,85.99763106786114,139986.43669040204,10266.660509589829,398.7230409783654,71160.63306846563,215932.7768424025,13624.591213001455
2021-07-11,2021,7,27,115.96444962110246,153165.8484215256,15209.605146659782,232.86602911029908,43391.540453070666,196169.6707510575,13492.574284908686
2021-07-18,2021,7,28,136.13957013206974,164572.88840409022,44580.03203087746,101.56549241213655,48933.22988775115,200281.52920600606,13320.22644614741
2021-07-25,2021,7,29,120.8954960083992,140337.99025373886,17346.582014761585,98.36796318163823,64807.8161217777,155172.6277408817,13168.948789673696
2021-08-01,2021,8,30,48.847829352179076,235059.54299348238,31370.27373384551,577.3867748725027,51371.56884812026,133279.33041990997,12628.31545349423
2021-08-08,2021,8,31,101.59207637271454,152344.34377320425,9781.577303531561,312.45889389995597,44023.63852059275,179229.56194473963,12479.368404370978
2021-08-15,2021,8,32,95.48361743240787,98918.23345084765,32458.97881565928,107.45016865126043,50739.44907229805,138028.15601469422,12074.090718073749
2021-08-22,2021,8,33,99.79860509476234,258107.78388339796,32294.338742692165,1018.5843971170286,40948.37636094398,193700.72586159175,12159.845160176696
2021-08-29,2021,8,34,187.46796556991953,143563.87648031555,32116.4160028152,1184.567829073771,60207.630316006725,199080.1419680061,12439.762342819151
2021-09-05,2021,9,35,106.0427650538643,149013.44344388726,18569.46949975543,443.63011500344146,64138.669788971085,193451.91999618735,12750.873109973416
2021-09-12,2021,9,36,164.23884728642926,159933.13487263146,13497.242179033405,430.4623620279052,39691.721220688414,218999.49913689189,12998.74183657243
2021-09-19,2021,9,37,93.70903509074876,181845.66599475892,6550.232967659878,593.8536628079677,39260.0660947709,214970.68303212884,13196.614728317716
2021-09-26,2021,9,38,121.28579855089532,112423.72273885028,13807.305968286406,921.4851458171081,40371.40334040072,169856.32014393166,12784.079499782745
2021-10-03,2021,10,39,139.32797885171058,152408.1901515084,9525.839245428559,133.29582371954382,60680.07973950919,178282.98582388484,12805.086565729976
2021-10-10,2021,10,40,124.4139683532422,159628.50363398946,11268.552890170544,601.508880741209,37990.259356785486,205118.33052246252,12879.421436647286
2021-10-17,2021,10,41,170.0792574108083,265385.29774238024,25895.5581290081,76.31280594489691,46117.48033795659,216703.738468629,13146.316406430698
2021-10-24,2021,10,42,135.4730834440173,164457.2512544982,28147.486211269592,113.60466773556142,50698.724035549756,267082.2809072341,13757.51579255012
2021-10-31,2021,10,43,73.97670246333092,128312.80822532516,47645.78817133992,358.863698807091,43912.433614623274,284925.7775714879,14605.792576357948
2021-11-07,2021,11,44,122.61250896748076,223123.08230231394,19586.828156325733,320.26110845134923,46674.22337268785,200923.91917805132,14268.250825681043
2021-11-14,2021,11,45,117.23887881377551,172380.6413740444,36831.78735208356,820.0597117592465,57024.33329918351,131305.13575270708,13561.12085117144
2021-11-21,2021,11,46,115.77937144107482,87408.29156156915,13706.31096794242,232.47041572479597,46315.80736044145,167604.88568284476,13326.007672478952
2021-11-28,2021,11,47,87.32789319205435,180755.12436195282,15997.748452182877,127.61143792638427,43985.55166968787,216429.9938083412,13244.993653404408
2021-12-05,2021,12,48,87.1249577761273,215409.26922467886,12867.35338833682,338.86497585755524,48819.87168225099,180046.09386312595,13193.128909309178
2021-12-12,2021,12,49,91.4939779418474,158256.2496057377,35362.5542615508,544.9739278805948,31942.90684708194,212350.0381278017,13093.092649394743
2021-12-19,2021,12,50,104.90265827180316,125307.22339783172,68722.4285507008,452.8901918257222,35916.31642897855,205262.7436010095,13038.125797569348
2021-12-26,2021,12,51,173.2208802328918,209243.23340972306,12929.72802668607,1014.1836029828786,60056.25681404151,211331.25545473234,13521.388833832987
2022-01-02,2022,1,52,119.89900256522917,272233.29827073525,50811.30726104407,697.3863644629134,59075.07835018438,222609.87689162217,13826.005811069155
2022-01-09,2022,1,1,145.35858997207862,203950.36433833715,40610.88688626196,307.4235886005219,49417.56242285882,219699.96070142984,13938.091716179255
2022-01-16,2022,1,2,104.26268849193161,77358.7888988156,18688.39897114611,114.41632022627948,60130.867213807636,244691.48266742603,14467.456048437398
2022-01-23,2022,1,3,112.76719297134444,267491.5500208479,11390.312312556292,222.22118328897716,48457.27828583509,193638.70269109315,14199.671715320557
2022-01-30,2022,1,4,122.89532633741307,265143.11918358825,49041.008681387415,446.3599101340944,57720.21420367381,175080.25762567722,13908.149311550942
2022-02-06,2022,2,5,159.721681576105,178382.9501201505,50434.7362170435,357.44963050244604,47222.20783879146,193237.82288767846,13732.976928446307
2022-02-13,2022,2,6,103.92052493245063,162798.4134166725,48620.709326752985,592.3567242898037,41155.59656435296,233800.20557034673,13734.051976414794
2022-02-20,2022,2,7,157.3577077526815,102373.36238173147,27916.096118942965,730.2020072192196,64011.39187978295,252134.235971559,14734.407248158755
2022-02-27,2022,2,8,114.78262932199615,165188.64703722578,21702.169173247035,531.955297068873,64747.13337473742,277984.7150054507,15408.898440040273
2022-03-06,2022,3,9,161.38402809733216,189730.7721469223,23965.982603206954,677.8136906023077,51567.797891579874,264065.26879888447,15502.597409128437
2022-03-13,2022,3,10,129.0288064654586,79080.75100859987,66205.84431176727,595.7803834057917,52176.380023057485,225161.3030152878,15430.509724343328
2022-03-20,2022,3,11,146.33855575658708,210395.12664819037,23373.656530701122,582.6847431460932,43882.59994707195,198330.00677877155,14830.71188180952
2022-03-27,2022,3,12,149.3832563907956,173963.0996813721,9749.350579399968,768.376087271072,63667.57026802895,232016.351326126,15188.524270462145
2022-04-03,2022,4,13,116.5487270746588,146512.49341067593,7558.123387258742,325.2938721801977,51130.47099171445,211123.75618724767,14894.983867079194
2022-04-10,2022,4,14,78.01266728840415,128202.67165798717,15125.852230479513,42.493507396708495,36585.81569691524,283920.9919481446,15255.6788367121
2022-04-17,2022,4,15,126.75217551327655,188047.19448491052,37285.869780819725,1299.0691554108123,41008.65327507518,190036.68674944923,14491.812235525796
2022-04-24,2022,4,16,108.01305173484957,154971.60906239835,25695.119767295415,161.75695044411705,56240.45694989049,192498.6970344477,14525.130629769332
2022-05-01,2022,5,17,138.70582599041995,214133.27452389355,41358.44636322177,342.84789468253723,51487.50263528187,201222.68346638698,14248.409255927629
2022-05-08,2022,5,18,110.54091410167318,202793.8593303937,19999.60585559214,227.00953949848858,53003.00706392035,303349.08932095795,15118.62075338111
2022-05-15,2022,5,19,195.28421840340874,202281.7211943251,31545.772264505056,432.16498422369796,43117.73632023483,216295.9820643995,14973.297983945307
2022-05-22,2022,5,20,106.68557063102713,401826.43050442496,34826.23773280189,9.442497183177794,28069.526578813573,300622.27844466973,15425.511330260817
2022-05-29,2022,5,21,137.93328401956873,155078.25372510476,18586.060645401736,468.2695149307501,57389.00721760583,223486.03876735462,15180.96617849687
2022-06-05,2022,6,22,80.28460723777926,176600.07453626653,28198.155577628437,281.7625384152195,56044.41414890958,220059.46786971495,15395.517552242389
2022-06-12,2022,6,23,136.92611986404532,319935.28770135716,22653.582477825857,672.4512116001299,62589.06142107565,226601.41698738298,15350.151185164346
2022-06-19,2022,6,24,80.41221916915639,113791.26362876757,11975.84714149229,362.88493154513566,55619.48078640797,306926.64653489296,16241.761002829835
2022-06-26,2022,6,25,123.35551409159552,111439.20898866319,17944.17000203971,494.344055905953,32417.434891585443,201850.6963020427,15404.082517927118
2022-07-03,2022,7,26,66.8732481297328,386636.5283693141,27977.253133832048,52.439393923280164,46891.477567112226,213220.26828986808,15095.806110266174
2022-07-10,2022,7,27,83.55466451615109,213268.63286099877,9667.142349900012,553.1300966162158,41518.305932052135,109650.46030944333,13755.403757982249
2022-07-17,2022,7,28,63.939058254620505,133481.08054145984,9113.199819100399,141.8175928923223,52456.30163167068,260275.90797907842,14459.505228729087
2022-07-24,2022,7,29,152.76623886850825,191599.89349792962,32257.439887571585,170.91825317674156,42379.659282398134,200902.29413193744,14096.063263037144
2022-07-31,2022,7,30,151.3116120706532,187732.38466614764,24939.75179055332,466.06241886019524,58764.32863959422,209978.74605087205,14397.133865251506
2022-08-07,2022,8,31,64.01855430871628,156955.0705931648,26158.77703447067,458.67966874342,40208.53719709201,193758.40126535087,13781.133240516567
2022-08-14,2022,8,32,129.21780738260685,172178.50342785224,31278.649665319295,228.47900722156052,41011.376625531964,182023.9351106123,13459.905770321262
2022-08-21,2022,8,33,118.69981928014748,85440.92664906349,13500.736806039791,437.88250071018,41998.29163368019,162437.69009918236,13044.44458042202
2022-08-28,2022,8,34,143.86018345382055,161404.8934012875,21386.009651195538,178.6412757236177,43119.132056227245,228860.23426916136,13330.571036255786
2022-09-04,2022,9,35,113.36135376180206,140795.34175702606,34084.368870387625,159.6896578747807,55765.33224088085,155767.54461339366,12947.225135151562
2022-09-11,2022,9,36,145.15957588506006,118682.09215586464,33067.407145356265,378.0171412430859,49652.204150711266,162025.6471165419,12524.942772467355
2022-09-18,2022,9,37,70.91428733168993,129255.28143093135,24298.076105937864,649.1079929312093,60551.27268943085,161114.21197015644,12682.758162877899
2022-09-25,2022,9,38,128.8037251927773,260613.78545336737,59615.68349041763,755.0596337799864,49515.29453294346,265593.17424514313,13522.283229851459
2022-10-02,2022,10,39,157.24633156217334,99182.45039768609,10751.18608918192,282.0438025462199,52475.99021143002,158162.526790489,13151.340826760988
2022-10-09,2022,10,40,147.37482597722376,271006.96878469334,15049.923577088775,73.98606338620256,61082.249441811415,152210.1828311582,12749.817239750726
2022-10-16,2022,10,41,56.54870751709573,159763.75924817027,24362.08772624349,369.73819859260334,66856.56153108232,139426.5450091563,12656.776972740312
2022-10-23,2022,10,42,105.07307352978016,285196.868852712,16489.711686301882,840.5456770813691,51306.495541930904,244879.43841499678,13281.39859929403
2022-10-30,2022,10,43,122.54769951915429,315083.5956772414,28015.575512917087,761.3104821272331,52704.0444171437,199390.9630496263,13221.741708939635
2022-11-06,2022,11,44,107.24033567368107,137678.38310861212,27003.283645790652,1209.4584059280728,47921.495632772756,186256.71655464894,13055.27601016013
2022-11-13,2022,11,45,147.127915503315,136515.31695091902,17039.269046973684,558.9551645237485,43133.00715686611,238029.38872938964,13383.04732324836
2022-11-20,2022,11,46,114.9989542308547,191071.4955089654,8045.020232050173,141.55747910467667,37216.54309932195,190158.59312136,13191.670949010302
2022-11-27,2022,11,47,142.2427881925776,118582.41384831046,49235.580169902925,114.87923819622804,36776.444824906626,285373.26120211167,13837.74174025253
2022-12-04,2022,12,48,126.98598580951528,251756.1836792991,18445.034544563394,149.90823992652875,57809.66827589452,135700.33170725597,13482.776329291579
2022-12-11,2022,12,49,33.537224649558254,263843.4514466353,13695.779916322708,626.9472235317495,62414.494763750015,165570.07253305297,13179.297696868538
2022-12-18,2022,12,50,170.12932255789806,118263.63884775003,14266.66171123124,597.3713170757176,62735.61513343369,138707.87011581447,12612.247406999728
2022-12-25,2022,12,51,135.0263926172233,112176.39669149641,21282.32404711281,206.56448262614919,54555.69103151164,194433.36602872776,13053.515455695162
2023-01-01,2023,1,52,116.73883291820036,152764.3164178875,47014.02593202801,537.3313327455801,48549.22538960614,184574.60886910645,12824.168814951623
2023-01-08,2023,1,1,126.85882704217153,92909.37044144355,16700.508737228363,271.057202064225,54523.91380631639,154415.03829187382,12669.10298024917
2023-01-15,2023,1,2,101.3620839670284,238616.51411344708,15517.552272056884,260.6113026845844,52323.81760897047,261534.94172661533,13356.634264333828
2023-01-22,2023,1,3,117.12351029779717,179740.783185082,24622.15697915884,319.0229910686461,31779.18165051676,166302.18049634568,12814.722494504444
2023-01-29,2023,1,4,79.33195468937436,198828.27946384533,10946.516742442556,46.98789965723697,51095.55773735226,174095.58181714092,12775.938688579148
2023-02-05,2023,2,5,117.60860680177561,158714.58456082796,8226.373327433777,396.1090582426769,43249.55353547307,131270.06313257842,12093.121858698512
2023-02-12,2023,2,6,76.39599025065496,247235.0559772244,12584.28849385774,280.1019168344191,45546.928196057444,250536.9740710055,12757.963083495006
2023-02-19,2023,2,7,160.137533465509,109643.84473371795,38557.892556415434,36.19305743190627,45401.8322026312,231087.8576442072,13251.541293704475
2023-02-26,2023,2,8,75.90423137614427,180995.77484599678,44453.35806739429,99.29062406896205,61284.08646521041,185955.64409720732,13354.065868457192
2023-03-05,2023,3,9,114.12193433919633,110748.30396312797,19678.189641748253,578.8600886787473,46441.56865082558,144393.3720606946,12830.437681924212
2023-03-12,2023,3,10,72.86599080245743,224717.98372584325,20796.84119618805,342.272868431418,61740.69998871763,168945.64829086067,12750.029230275717
2023-03-19,2023,3,11,179.90634555202732,121138.92360029077,33506.38848546389,254.72987660581947,58373.15038922686,248727.06012761558,13734.299084490929
2023-03-26,2023,3,12,86.05243844864125,298760.1944018192,28418.198906687627,109.41890643789674,58036.711442353095,309782.3890793377,14679.571943186078
2023-04-02,2023,4,13,160.1068935701255,144422.0172571775,12733.080710075299,442.4930123675117,43762.314094011155,162057.02479319673,14086.121257194904
2023-04-09,2023,4,14,97.81867426204528,156292.41103741986,19600.217230102317,469.9387914845513,40749.120525923376,223752.2806516555,14014.202385004746
2023-04-16,2023,4,15,123.67154009337678,192820.0712011034,22248.51946003594,333.2312027632979,50577.32849419486,243411.89166153676,14329.369550915031
2023-04-23,2023,4,16,116.35983069933157,143890.1551666449,17656.84821351248,437.76159961528725,54804.488971430386,165402.31598013593,13960.222577040042
2023-04-30,2023,4,17,122.15647989105528,284330.90431896964,29271.70912849433,981.4371108573246,63689.622145803056,214117.29100524043,13952.561901405019
2023-05-07,2023,5,18,107.79575736018072,306028.191784997,31560.578476221504,383.31783803629855,64928.03243055773,204963.32382601057,14209.968955189092
2023-05-14,2023,5,19,155.21303667076592,127345.79443387118,22266.56441508463,571.2781237379701,35519.417196432616,295099.0983313022,14849.446301646984
2023-05-21,2023,5,20,165.50415125570598,146293.93930434668,26865.297321634527,577.9620043216513,48276.79024315784,209498.49091857576,14402.804729900396
2023-05-28,2023,5,21,120.36119679991388,167851.37656893363,9215.508437675104,67.23302883295209,38248.39345068458,201460.8176616167,14143.552472363386
2023-06-04,2023,6,22,133.15887496327306,333039.0824127886,16070.149886748883,1040.103572926213,57475.16736919505,245752.48129057424,14680.510425693372
2023-06-11,2023,6,23,127.17625449371026,268128.9579311377,10961.112694649155,562.0419601076829,58191.49951086423,198904.64194609347,14423.19081079721
2023-06-18,2023,6,24,187.42857249106666,144365.39361785757,24405.719333765664,268.63895489957133,35149.58972972204,184571.11998147864,13748.313558627742
2023-06-25,2023,6,25,163.61204301335627,282057.2820413404,60326.384567952526,191.27417972673697,57012.95590078284,178803.2684141835,13799.298524842063
2023-07-02,2023,7,26,152.10736524908782,169292.10363407276,18203.88262214543,495.305928447528,60696.19301409035,217971.2814271164,14003.206164003925
2023-07-09,2023,7,27,124.82160428408633,152067.30472673653,9813.404697747968,313.64429946516464,53941.47517900206,193460.11655627724,13845.759634005703
2023-07-16,2023,7,28,138.2948621326502,281062.64681263117,44936.56236920198,310.94636023855304,48195.82719599774,177498.61426531427,13598.763304651637
2023-07-23,2023,7,29,113.84753529877986,203773.451822363,22609.28455180881,242.98475804982112,47518.9767541644,181030.4749804377,13418.168398878473
2023-07-30,2023,7,30,90.87156944508598,342454.8628920443,31479.795255758123,301.4858718284838,44141.73404626367,203926.17323874676,13241.774975650636
2023-08-06,2023,8,31,85.40366039047875,132532.45785245454,21336.943101390323,523.9931523214086,25978.348950711217,256182.64952956146,13482.490674758332
2023-08-13,2023,8,32,163.13720548941916,92249.62698095724,50745.72023030762,156.2177799327987,48977.69644162261,137890.22753558325,13075.369483882323
2023-08-20,2023,8,33,107.19459545951835,189469.9759176851,16687.261635021936,360.7859272872504,34660.44546511391,179730.7083071768,12535.237142858905
2023-08-27,2023,8,34,131.73967228727008,362284.6802232699,33403.050395914965,127.1344836983763,69181.64579413332,142419.7752101403,12394.296048792887
2023-09-03,2023,9,35,131.11938360855493,162007.43524633246,20460.199151290817,2398.9548001197923,51773.97829982397,234316.44300791697,13174.418020010029
2023-09-10,2023,9,36,83.38551156186422,200635.84459134054,10561.6564270434,460.4347008077307,42956.869382068144,195337.26289420243,12975.236350755195
2023-09-17,2023,9,37,110.2667717446087,115155.95453259576,28604.86368708759,273.3029301495892,44640.565927726355,226588.616628317,13523.071404133772
2023-09-24,2023,9,38,127.97146647430684,167200.808496069,26949.45573155841,503.7579230013531,58214.67260029794,147308.4276912927,13059.839918516844
2023-10-01,2023,10,39,72.142590055184,110973.00214446647,16343.890078099605,173.96166259093536,39730.24451933311,198733.84564308834,12857.807249545942
2023-10-08,2023,10,40,147.5123575855439,212437.55073685423,14653.537547572838,94.04060829266261,37289.52632156361,186871.1737418134,12594.594225337838
2023-10-15,2023,10,41,121.0037988797249,104065.55141748274,16086.268092688042,548.8128495971328,46034.28136173257,232431.8351152446,13094.513405889096
2023-10-22,2023,10,42,159.1114451452592,155869.70865944537,15282.201187919864,521.0040305909308,65192.697357727986,145724.50931248482,12940.852161630653
2023-10-29,2023,10,43,62.188154135322165,130821.69558574699,27133.13994840829,419.5340625685391,60145.295383057106,194228.88332730797,13111.724107786968
2023-11-05,2023,11,44,153.82420007930466,96688.93143887282,66033.60108721533,53.045857435518194,60636.84708571906,186354.05636890657,13225.963841883593
2023-11-12,2023,11,45,171.42909999982763,74263.90756254442,36636.63760354468,651.3991209199639,37535.694805683306,170287.9787718575,12858.135767395446
2023-11-19,2023,11,46,176.95031216652518,202997.71568704152,35250.06354804476,989.8629120964084,50927.36131797767,210571.31849840883,12893.787455321792
2023-11-26,2023,11,47,137.16818185069008,124650.90443862058,25617.100045223186,456.08514597868685,36489.00746211265,191410.8030223797,12793.516630668779
2023-12-03,2023,12,48,90.12925845592581,195482.9169787066,12999.614746028257,553.5240250946579,62451.76321490811,186532.0654351831,13070.591450187932
2023-12-10,2023,12,49,181.10695945404092,136868.79428916698,71275.42455636823,624.8358903506297,21106.232905179673,235463.69644873147,13142.998474147009
2023-12-17,2023,12,50,127.86359301974147,140952.16659579572,22192.062544888227,411.6274335654634,30275.779294383796,227047.7841018458,13165.405874891496
2023-12-24,2023,12,51,134.69076703820718,196555.29141347966,28872.185205541948,520.8665055907122,44152.31579901048,252107.80149218644,13871.62090662503
2023-12-31,2023,12,52,101.03426924739655,140886.78777220647,16241.068880263743,417.96948103152715,23638.459256184397,187813.3741841218,13247.399400925593
2024-01-07,2024,1,1,154.11128469045707,279083.3483104637,11835.488477800545,431.9302435046677,53138.517701842546,154429.53999280307,13082.07032379304
2024-01-14,2024,1,2,121.95056767759877,92938.13745074625,34436.24374234572,305.99937525793473,38775.04291033735,205969.7086392434,12951.508340239345
2024-01-21,2024,1,3,152.45214237577213,206085.87766214067,30222.757195711318,335.66991207914117,61190.512615653985,233994.14951818384,13682.296564704908
2024-01-28,2024,1,4,74.82877304742503,140460.42146354547,11544.997012580608,172.09417599408087,50288.77881936575,194146.22953860462,13625.242931686567
2024-02-04,2024,2,5,129.4564129574707,61068.60125248394,15428.466382082112,125.12395753773771,71532.44751089555,167409.28770821434,13528.928231671847
2024-02-11,2024,2,6,109.72020678808138,94191.85456719947,25973.91843255134,133.50829528732845,56440.84518495679,198284.47075182028,13767.51747712901
2024-02-18,2024,2,7,164.30046191523567,186495.7345621117,19041.119469776317,259.6693901474043,45438.56171342179,156577.3051209677,12908.262320011443
2024-02-25,2024,2,8,102.63575039043558,303726.30847752315,35266.663808359284,57.59977706075702,53307.2951476822,184357.98291798963,12999.10654465066
2024-03-03,2024,3,9,100.09795573992268,149248.53056882712,24237.529179363104,106.88621935884355,40147.62560761771,201441.78920598046,12967.764585392688
2024-03-10,2024,3,10,147.86034403190664,137532.10408942326,18791.697506474917,895.2987588991975,38501.9820562169,196667.08396725223,13003.916050793116
2024-03-17,2024,3,11,129.98660433265667,253747.14198116693,14544.029851244151,38.6017897108796,44639.011169497004,215217.3229534394,12963.309293090288
2024-03-24,2024,3,12,186.64864804391652,182050.17564928377,13426.250336409163,266.3400271656009,7562.157533961767,234591.22939365762,13033.165627510447
2024-03-31,2024,3,13,104.99661562088123,76538.43877596204,13782.924522404785,391.99851715368794,54497.28243862373,258628.5471969489,13758.63550327635
2024-04-07,2024,4,14,118.76588185134695,189042.9968503048,45567.360129852066,404.2445416430409,55285.533649410754,179390.6573725331,13596.161116197982
2024-04-14,2024,4,15,159.93018691064987,188199.20218287926,21676.534532031208,228.2670089334848,55679.610075286415,318541.1419249358,15093.635031875452
2024-04-21,2024,4,16,143.60236876585213,107870.7174251459,35146.82789161818,292.1595785220365,41835.70279155799,223523.01622138283,14589.571656391672
2024-04-28,2024,4,17,128.69394230473074,256314.42574442888,20018.710346835614,560.6106469096005,56911.559515665984,167549.4255181693,14209.21926185062
2024-05-05,2024,5,18,199.0102777718169,231739.33620882934,31586.829984056647,250.6093523184385,51594.608247577984,135010.24531792093,13566.58795885818
2024-05-12,2024,5,19,172.44333883858496,278795.29215177987,21179.168182538593,129.75496329303832,35842.18449208741,196221.15917931145,13222.21689623044
2024-05-19,2024,5,20,96.60167567352752,89199.79512957117,21261.612497836246,465.24730432121714,48998.34395352045,151090.5056350572,12826.158657282705
2024-05-26,2024,5,21,116.06085727043018,134471.8238819654,14724.226549732199,65.58596760505458,67998.9456529856,170369.69656829475,13065.998996563856
2024-06-02,2024,6,22,66.7432194719132,138171.75485209268,33875.435024002756,202.64318867786733,37691.809003801136,208440.3365823436,13020.908641227685
2024-06-09,2024,6,23,129.29439687800104,179850.76553876337,17497.36854181475,395.03916465708244,36876.96666431529,161886.45144887277,12357.315151027587
2024-06-16,2024,6,24,134.91565282133118,229360.92943945056,12444.650508641123,260.7661829851858,45448.78902813073,190929.71608004023,12622.061203880965
2024-06-23,2024,6,25,113.62390621081082,192542.79895604917,24706.77952561734,481.2661984671472,43597.629923601824,273243.4387688978,13465.928270269233
2024-06-30,2024,6,26,127.00705229603057,132601.97052897804,33278.17774931242,1935.635289005759,57829.39921843724,236837.8274574548,14033.63081021023
2024-07-07,2024,7,27,99.7837337090762,153304.8867600036,29498.225944173842,461.5395511209261,51543.87973329065,190865.07468923862,13636.843631394451
2024-07-14,2024,7,28,128.56817090702106,53646.904310281,28175.29697346392,216.92004491778724,28144.391985195016,227120.30880183153,13632.971551233397
2024-07-21,2024,7,29,162.32993978196623,132080.17715103182,26852.00023256414,632.0478089832776,56329.85168050357,172689.40366698697,13501.98534016338
2024-07-28,2024,7,30,121.56246527112361,101290.1667343135,45197.02795804938,239.55909749610572,42357.12747958581,142718.64897553978,12872.23744390889
2024-08-04,2024,8,31,87.84595949936319,201982.31468096495,13168.269573163605,54.96298240683849,46601.428769363534,262054.18842053993,13683.963235167716
2024-08-11,2024,8,32,88.45819680586595,182596.36633139537,35865.878025693586,326.60337947809023,47649.73942724535,205960.01346555285,13592.872907007757
2024-08-18,2024,8,33,105.00525880508685,182326.65536557155,13147.918562111141,587.4605377520144,23485.249857442963,187165.66025465864,13127.211227645086
2024-08-25,2024,8,34,173.51878342379837,145214.25016844535,20484.296743339335,587.6844016836197,60522.83233751585,161024.66614455177,12902.439818055353
2024-09-01,2024,9,35,89.58679647634736,93185.33898287591,34069.408906941506,178.14801571727065,29298.92396516538,237115.87188215498,13184.890165382796
2024-09-08,2024,9,36,134.1851455447028,182296.59194046247,54769.944526025625,242.74809969231575,50291.99463005482,197180.55965700836,13251.718947341855
2024-09-15,2024,9,37,156.53966643723192,164152.79738577368,15706.043262766447,216.24085288997722,47220.57380104679,263730.2692837205,14034.478567855645
2024-09-22,2024,9,38,170.52886190886207,167266.97791248566,15835.8665935916,168.39772740939017,53170.992145989294,215307.86736761476,14148.329912359224
2024-09-29,2024,9,39,56.4697605194759,73111.62114700527,6451.5469335874395,407.753156019895,51069.75712426988,181721.0347263609,13824.271195243042
2024-10-06,2024,10,40,148.9212209020833,113696.57260477489,14109.683337119133,290.33071998560587,44320.68899940554,224381.3732237808,13985.362213177295
2024-10-13,2024,10,41,164.02814176742783,113010.96608982029,15341.144578539259,625.9445981735277,37708.12234705909,297596.1452710928,14580.660500492637
2024-10-20,2024,10,42,112.5813808485386,273886.1841610953,14633.951777196306,290.65503843798444,59691.534955041076,237370.98250556542,15097.949642627987
2024-10-27,2024,10,43,137.00173846798364,183197.43486336173,18310.135501158977,215.3085579500603,53212.28942539746,287993.9040676224,15467.120304960841
2024-11-03,2024,11,44,107.32979302469576,296324.36107802164,9276.668709512487,353.03666819914923,49295.60003676804,209212.24553076754,15295.398452209622
2024-11-10,2024,11,45,64.17902243336364,150581.58696554834,30814.29136443329,542.920139458912,40180.23209896148,304899.94598574133,15846.430649933225
2024-11-17,2024,11,46,96.83852760948106,145037.52097647756,31921.954554649077,108.53974914463012,48580.69340695515,291433.81860364735,16221.30124488187
2024-11-24,2024,11,47,152.14962228928744,96461.2984584961,35891.87848398047,389.4413834263028,44647.1081653751,192763.97819081272,15659.291089448518
2024-12-01,2024,12,48,62.03914593878839,111805.07372045556,32353.618705375593,954.4107153985547,47688.392819655295,188095.32858883947,14916.50779424292
2024-12-08,2024,12,49,101.33665694759304,179615.04587513304,63405.459763624924,59.90758519990478,60528.99759120382,265258.52225181233,15483.532132089525
2024-12-15,2024,12,50,95.07519405771815,188052.86083266907,41461.664180361295,159.63941395914887,40412.60234417653,118869.65894182558,14185.2903596554
2024-12-22,2024,12,51,168.8159718084671,195745.27945260188,20818.316105277187,633.2468746465727,41856.79291288567,205988.24203463946,13862.6314548319
2024-12-29,2024,12,52,138.31132049141146,262046.41169482874,25212.9408802146,736.2677102607943,43443.535374418716,228288.0080801475,14017.325875291988
2025-01-05,2025,1,1,160.9517077964345,203885.0771907468,31888.873197919813,79.23093638231063,53890.41493880097,141146.32730513444,13687.218553321065
2025-01-12,2025,1,2,163.61386352163788,131833.37141611424,31565.496103920243,1153.8239561586552,46895.211844364945,265299.42306347477,14118.09378040683
2025-01-19,2025,1,3,82.24615837260431,178524.32019253538,27245.41053381196,929.1573854830372,41986.941622432714,149059.9778128146,13397.741769449702
2025-01-26,2025,1,4,136.5846315548203,222101.7408312138,16078.552073114812,603.8634327483676,61968.12914676595,111649.66671413819,12800.664633327498
2025-02-02,2025,2,5,147.36320694928534,177705.20560557803,21950.86984273922,567.4795030341764,60971.438787949715,224978.98060375816,13361.744760752765
2025-02-09,2025,2,6,130.67012777083968,107391.8345486244,15681.340861191511,363.9444669624803,45523.69207278918,182241.76012175405,13167.687067677472
2025-02-16,2025,2,7,163.38695286473998,240556.91467921645,15724.86051176539,270.02106547821734,58427.023493479406,157630.48902117115,12937.312022252967
2025-02-23,2025,2,8,118.33808249663511,130926.19134564388,20550.37393199895,89.63826901412455,61211.660193237076,202871.7360385003,13233.462208851013
2025-03-02,2025,3,9,162.077387257528,75795.97681433173,6890.775816172137,60.058535018275926,65570.39244493157,219510.18712781655,13675.171651922978
2025-03-09,2025,3,10,154.20206385923436,120320.45677268441,17544.775796278635,555.3280035829408,42399.98562660031,213016.05660209627,13652.677682640411
2025-03-16,2025,3,11,132.27496274462067,190117.37139198848,46335.17627086697,121.1073505177764,51331.15461913904,185631.32398963315,13534.956545780888
2025-03-23,2025,3,12,114.19772663312358,158802.78070305998,18147.529474847972,85.09029233503365,80925.99760386345,210696.61754125584,14014.766824327296
2025-03-30,2025,3,13,131.11204465087263,100571.62879008251,37671.95170099448,245.2425245478313,59473.49792840673,164064.80203907742,13483.426338558193
2025-04-06,2025,4,14,83.0842425415253,268260.8872049192,12753.827812130126,885.8347325821477,63939.624426689814,185979.31484981492,13482.694508625464
2025-04-13,2025,4,15,95.58023621155843,284716.40006713633,18793.079408082416,476.7266986084385,49114.999571263295,146017.97987612107,12996.304176359203
2025-04-20,2025,4,16,146.6286145115151,223073.53700264834,30529.57410527374,77.8956446029221,59099.31014755024,283307.5603637138,13961.32861484191
2025-04-27,2025,4,17,127.4763365263231,106698.1864129942,43901.52306626159,41.05149881350912,45711.11908943336,227323.2780400965,14161.542281538546
2025-05-04,2025,5,18,139.48194586901036,384114.734127434,15969.233395357316,687.6723982960398,63237.346902128804,231787.26293856875,14535.673863234751
2025-05-11,2025,5,19,164.1863889203902,120469.88342105254,27432.99738282902,492.1767638040877,71149.13239414406,254813.17759936088,14944.37907950495
2025-05-18,2025,5,20,153.37090893606631,230022.41359559313,32227.30770950352,477.55887867156764,39084.36443605261,108025.62202922096,13494.619272737971
2025-05-25,2025,5,21,113.85867519468758,176220.68838487836,25625.66656756422,222.22707362283862,42833.195771108076,228760.58888735826,13725.588871852204
2025-06-01,2025,6,22,116.60794664323421,156662.50623496744,13362.947319013392,164.0675841484292,47605.742690739775,208295.82670974263,13832.736825489786
2025-06-08,2025,6,23,138.76420080679264,251918.90014642492,29014.977251978107,698.4443181721726,38032.512079975575,168953.65107873493,13031.137868613521
2025-06-15,2025,6,24,104.04038625115385,282937.3405036555,15946.670135750857,1869.9150152272516,32599.89157612479,157540.83716072148,12281.433983963174
2025-06-22,2025,6,25,93.82479083327989,196405.33646133327,29849.097488168605,126.06841388688197,35388.89755046758,145814.6968426901,11980.026991600547
2025-06-29,2025,6,26,156.4563631020115,163374.27305962212,16735.064072347515,190.31417684159,35247.2149096245,203336.16197714183,12142.162598760013
2025-07-06,2025,7,27,114.79509170461395,139272.8453916022,27248.69496909175,449.80675262631064,45199.83458017527,261157.0140511235,13149.876981378846
2025-07-13,2025,7,28,146.87356498109503,96258.79405301015,26257.235453453945,527.434563691962,52733.619704054785,187184.17372534215,13115.789011357172
2025-07-20,2025,7,29,136.77898645074677,105096.45784102246,27772.74658514434,637.1629024021057,63005.94469071918,170133.65717713773,13104.144399672809
2025-07-27,2025,7,30,122.83494987660845,140858.54015779923,32326.0470361896,407.69915236274767,41019.14415753612,197939.22911979828,12885.542992858545
2025-08-03,2025,8,31,88.78551731008811,165381.59707261185,11253.09653865206,272.6035352471577,38365.696978649525,216566.1430868424,13232.195336236326
2025-08-10,2025,8,32,77.9844182570893,139581.1360823931,11449.948449627855,210.2765008726433,44365.52641586345,233588.9235874388,13490.10263531889
2025-08-17,2025,8,33,199.86006271087166,302478.3585596097,23613.122086157342,516.7615341863855,55403.82925087058,215380.57211557368,13844.126842445768
2025-08-24,2025,8,34,147.33988779004028,159622.83421923348,12724.42249119264,408.9998598309912,41475.32219709936,281083.2756933849,14278.598079572723
2025-08-31,2025,8,35,55.11274853943802,179508.40870494195,26915.30557867574,738.9709728537106,57243.81985715011,243618.88985812577,14723.166134079416
2025-09-07,2025,9,36,173.1229219542777,326400.6534905969,26709.94362027169,513.712473307918,62440.72373225711,161617.56171178698,14246.542736063011
2025-09-14,2025,9,37,95.57258513802665,166476.29477668443,52044.555216191555,976.6435196553889,56144.399523515465,226334.73785267663,14546.811595066256
2025-09-21,2025,9,38,162.17132610309295,214417.4028072546,22306.82368676374,523.3278638387294,57195.17971922944,243737.99189338164,14791.40631095993
2025-09-28,2025,9,39,79.6037575634668,169352.68987924405,41045.76277999187,172.45003059247685,52428.36754188492,175981.8010741423,14434.215892910779
2025-10-05,2025,10,40,119.59082019682617,144765.4113992897,15491.448303525785,622.1318401597487,55453.19014339337,237390.95691032032,14660.405279602366
2025-10-12,2025,10,41,131.17035181479622,150547.5701640487,47305.46988020809,199.6450557219144,44573.32802367948,233513.26863794017,14678.268567427856
2025-10-19,2025,10,42,107.57810995667919,95914.51523580356,22054.559040520584,422.92621480788284,38705.989786250626,158812.15611983743,13906.172888646597
2025-10-26,2025,10,43,111.20327283513714,120129.24417204772,10335.434897189743,101.58627073202233,71550.61361200672,289280.51073010487,14925.610816517345
2025-11-02,2025,11,44,88.65607690243968,163762.85112589004,13385.338715354785,108.64043272919974,62166.886909427834,192543.2022727215,14866.32574330067
2025-11-09,2025,11,45,87.28433883042854,353526.34960628423,32580.2700681114,269.4588988250715,58544.806177391336,171025.3469708964,14337.89849548769
2025-11-16,2025,11,46,118.31173617134121,119165.63451639615,33644.062485344904,263.2742292137769,37707.908790195506,199158.62207791492,13832.153794266804
2025-11-23,2025,11,47,118.42295143604532,47431.83002143725,17165.314400144438,520.3433138596265,53661.82688741661,231277.7587641325,14197.612229664437
2025-11-30,2025,11,48,102.14374333567244,255787.53026486855,37552.187912642934,799.316744946507,45957.51821438923,186466.2905245553,13718.440897263075
2025-12-07,2025,12,49,179.59926082311537,139941.1648750326,29178.6298056867,293.5806855167827,53376.611918114984,182976.1651474361,13796.590818150253
2025-12-14,2025,12,50,124.05415655100317,128624.31449707931,19966.892732077416,239.20474978601064,61448.284569805044,199247.34672455612,13643.645122652917
2025-12-21,2025,12,51,68.53244628639696,75512.44404217409,28355.443181578135,349.45143422711243,58727.84172737959,133213.9234198956,13312.613059118148
2025-12-28,2025,12,52,136.33616188899583,88580.38790924779,27507.82207549623,152.61169852146895,48375.636157090405,165481.57744673497,12883.047572147141
